session_id,account_id,device_id,ip_cluster_id,login_time,logout_time,geo_region,network_type,user_agent_family
S-00001,A-0001,DEV-001,IPC-X01,2026-07-03T16:05:00+00:00,2026-07-03T18:35:00+00:00,US-Northeast,public_wifi,mobile_app
S-00002,A-0001,DEV-X01,IPC-X01,2026-07-02T15:56:00+00:00,2026-07-02T16:43:00+00:00,US-Northeast,public_wifi,mobile_app
S-00003,A-0002,DEV-002,IPC-X01,2026-07-01T21:03:00+00:00,2026-07-01T22:26:00+00:00,US-South,public_wifi,chrome
S-00004,A-0002,DEV-002,IPC-X01,2026-07-04T07:06:00+00:00,2026-07-04T09:56:00+00:00,US-South,residential,safari
S-00005,A-0002,DEV-002,IPC-X01,2026-07-02T08:58:00+00:00,2026-07-02T09:45:00+00:00,US-South,public_wifi,mobile_app
S-00006,A-0002,DEV-X02,IPC-X01,2026-07-02T23:32:00+00:00,2026-07-02T23:40:00+00:00,US-South,public_wifi,safari
S-00007,A-0003,DEV-003,IPC-X01,2026-07-01T14:59:00+00:00,2026-07-01T17:20:00+00:00,US-South,mobile,safari
S-00008,A-0003,DEV-003,IPC-X01,2026-07-01T19:30:00+00:00,2026-07-01T20:43:00+00:00,US-South,datacenter,firefox
S-00009,A-0003,DEV-003,IPC-X01,2026-07-03T07:51:00+00:00,2026-07-03T09:33:00+00:00,US-South,public_wifi,chrome
S-00010,A-0003,DEV-003,IPC-X01,2026-07-04T03:12:00+00:00,2026-07-04T05:49:00+00:00,US-South,datacenter,chrome
S-00011,A-0003,DEV-003,IPC-X01,2026-07-01T14:10:00+00:00,2026-07-01T16:33:00+00:00,US-South,public_wifi,mobile_app
S-00012,A-0004,DEV-002,IPC-X01,2026-07-04T01:19:00+00:00,2026-07-04T02:20:00+00:00,US-West,mobile,chrome
S-00013,A-0004,DEV-X02,IPC-X01,2026-07-03T21:43:00+00:00,2026-07-04T00:09:00+00:00,US-West,residential,safari
S-00014,A-0004,DEV-002,IPC-X01,2026-07-04T03:34:00+00:00,2026-07-04T04:43:00+00:00,US-West,mobile,safari
S-00015,A-0005,DEV-002,IPC-41,2026-07-02T02:46:00+00:00,2026-07-02T05:45:00+00:00,US-Midwest,residential,chrome
S-00016,A-0005,DEV-002,IPC-70,2026-07-03T14:58:00+00:00,2026-07-03T16:33:00+00:00,US-Midwest,datacenter,safari
S-00017,A-0005,DEV-002,IPC-99,2026-07-03T00:32:00+00:00,2026-07-03T03:05:00+00:00,US-Midwest,mobile,chrome
S-00018,A-0005,DEV-002,IPC-40,2026-07-03T20:28:00+00:00,2026-07-03T21:15:00+00:00,US-Midwest,mobile,mobile_app
S-00019,A-0005,DEV-002,IPC-20,2026-07-02T06:00:00+00:00,2026-07-02T07:01:00+00:00,US-Midwest,datacenter,chrome
S-00020,A-0006,DEV-001,IPC-95,2026-07-02T18:39:00+00:00,2026-07-02T20:41:00+00:00,APAC,residential,mobile_app
S-00021,A-0006,DEV-001,IPC-34,2026-07-01T18:10:00+00:00,2026-07-01T19:19:00+00:00,APAC,residential,chrome
S-00022,A-0007,DEV-003,IPC-89,2026-07-04T05:47:00+00:00,2026-07-04T07:49:00+00:00,US-Northeast,residential,firefox
S-00023,A-0007,DEV-003,IPC-31,2026-07-02T00:01:00+00:00,2026-07-02T01:48:00+00:00,US-Northeast,datacenter,safari
S-00024,A-0007,DEV-003,IPC-47,2026-07-01T20:43:00+00:00,2026-07-01T23:37:00+00:00,US-Northeast,residential,safari
S-00025,A-0007,DEV-003,IPC-85,2026-07-03T10:27:00+00:00,2026-07-03T12:53:00+00:00,US-Northeast,public_wifi,chrome
S-00026,A-0007,DEV-003,IPC-31,2026-07-03T07:36:00+00:00,2026-07-03T08:49:00+00:00,US-Northeast,public_wifi,chrome
S-00027,A-0008,DEV-002,IPC-87,2026-07-02T05:05:00+00:00,2026-07-02T07:17:00+00:00,US-South,public_wifi,firefox
S-00028,A-0008,DEV-002,IPC-23,2026-07-03T11:58:00+00:00,2026-07-03T12:29:00+00:00,US-South,mobile,chrome
S-00029,A-0008,DEV-002,IPC-20,2026-07-02T06:39:00+00:00,2026-07-02T08:15:00+00:00,US-South,residential,safari
S-00030,A-0009,DEV-006,IPC-X02,2026-07-04T07:46:00+00:00,2026-07-04T09:59:00+00:00,US-Northeast,public_wifi,chrome
S-00031,A-0009,DEV-006,IPC-X02,2026-07-05T08:00:00+00:00,2026-07-05T10:40:00+00:00,US-Northeast,public_wifi,safari
S-00032,A-0009,DEV-006,IPC-X02,2026-07-05T09:33:00+00:00,2026-07-05T09:38:00+00:00,US-Northeast,public_wifi,firefox
S-00033,A-0009,DEV-006,IPC-X02,2026-07-04T09:52:00+00:00,2026-07-04T11:47:00+00:00,US-Northeast,public_wifi,safari
S-00034,A-0009,DEV-006,IPC-X02,2026-07-04T01:51:00+00:00,2026-07-04T02:35:00+00:00,US-Northeast,datacenter,firefox
S-00035,A-0010,DEV-006,IPC-X02,2026-07-04T00:25:00+00:00,2026-07-04T01:41:00+00:00,US-Northeast,mobile,mobile_app
S-00036,A-0010,DEV-X04,IPC-X02,2026-07-05T20:09:00+00:00,2026-07-05T22:27:00+00:00,US-Northeast,public_wifi,mobile_app
S-00037,A-0010,DEV-006,IPC-X02,2026-07-03T20:05:00+00:00,2026-07-03T22:06:00+00:00,US-Northeast,residential,safari
S-00038,A-0011,DEV-X03,IPC-X02,2026-07-03T21:34:00+00:00,2026-07-03T23:29:00+00:00,US-Northeast,datacenter,mobile_app
S-00039,A-0011,DEV-X03,IPC-X02,2026-07-04T02:03:00+00:00,2026-07-04T03:47:00+00:00,US-Northeast,mobile,firefox
S-00040,A-0012,DEV-X04,IPC-X02,2026-07-03T18:05:00+00:00,2026-07-03T18:10:00+00:00,US-South,datacenter,safari
S-00041,A-0012,DEV-006,IPC-X02,2026-07-05T19:10:00+00:00,2026-07-05T19:29:00+00:00,US-South,residential,safari
S-00042,A-0012,DEV-006,IPC-X02,2026-07-05T13:19:00+00:00,2026-07-05T13:38:00+00:00,US-South,residential,safari
S-00043,A-0012,DEV-006,IPC-X02,2026-07-05T11:04:00+00:00,2026-07-05T12:46:00+00:00,US-South,datacenter,firefox
S-00044,A-0012,DEV-X04,IPC-X02,2026-07-04T01:12:00+00:00,2026-07-04T03:11:00+00:00,US-South,datacenter,firefox
S-00045,A-0013,DEV-005,IPC-87,2026-07-04T15:19:00+00:00,2026-07-04T16:26:00+00:00,US-Midwest,residential,chrome
S-00046,A-0013,DEV-005,IPC-87,2026-07-05T22:26:00+00:00,2026-07-05T22:49:00+00:00,US-Midwest,datacenter,safari
S-00047,A-0013,DEV-005,IPC-70,2026-07-04T00:57:00+00:00,2026-07-04T02:25:00+00:00,US-Midwest,public_wifi,chrome
S-00048,A-0013,DEV-005,IPC-66,2026-07-03T12:27:00+00:00,2026-07-03T13:51:00+00:00,US-Midwest,residential,safari
S-00049,A-0013,DEV-005,IPC-86,2026-07-04T19:53:00+00:00,2026-07-04T20:19:00+00:00,US-Midwest,datacenter,mobile_app
S-00050,A-0014,DEV-005,IPC-14,2026-07-04T20:08:00+00:00,2026-07-04T22:54:00+00:00,EU-West,residential,safari
S-00051,A-0014,DEV-005,IPC-85,2026-07-03T13:04:00+00:00,2026-07-03T13:09:00+00:00,EU-West,public_wifi,mobile_app
S-00052,A-0014,DEV-005,IPC-58,2026-07-06T08:31:00+00:00,2026-07-06T10:11:00+00:00,EU-West,residential,mobile_app
S-00053,A-0015,DEV-004,IPC-53,2026-07-05T13:39:00+00:00,2026-07-05T15:00:00+00:00,US-Northeast,mobile,safari
S-00054,A-0015,DEV-004,IPC-69,2026-07-04T05:54:00+00:00,2026-07-04T08:00:00+00:00,US-Northeast,residential,mobile_app
S-00055,A-0015,DEV-004,IPC-97,2026-07-05T04:28:00+00:00,2026-07-05T05:12:00+00:00,US-Northeast,datacenter,chrome
S-00056,A-0015,DEV-004,IPC-73,2026-07-05T11:54:00+00:00,2026-07-05T14:34:00+00:00,US-Northeast,datacenter,mobile_app
S-00057,A-0015,DEV-004,IPC-45,2026-07-04T04:27:00+00:00,2026-07-04T07:15:00+00:00,US-Northeast,datacenter,mobile_app
S-00058,A-0016,DEV-007,IPC-48,2026-07-04T09:34:00+00:00,2026-07-04T10:18:00+00:00,EU-West,datacenter,mobile_app
S-00059,A-0016,DEV-007,IPC-16,2026-07-04T14:34:00+00:00,2026-07-04T15:26:00+00:00,EU-West,datacenter,firefox
S-00060,A-0017,DEV-004,IPC-86,2026-07-05T06:42:00+00:00,2026-07-05T07:20:00+00:00,US-Northeast,public_wifi,chrome
S-00061,A-0017,DEV-004,IPC-29,2026-07-06T03:16:00+00:00,2026-07-06T05:59:00+00:00,US-Northeast,residential,safari
S-00062,A-0018,DEV-005,IPC-72,2026-07-05T16:32:00+00:00,2026-07-05T17:47:00+00:00,US-West,residential,safari
S-00063,A-0018,DEV-005,IPC-70,2026-07-05T08:48:00+00:00,2026-07-05T09:39:00+00:00,US-West,datacenter,chrome
S-00064,A-0018,DEV-005,IPC-42,2026-07-05T23:22:00+00:00,2026-07-05T23:41:00+00:00,US-West,datacenter,mobile_app
S-00065,A-0018,DEV-005,IPC-95,2026-07-05T18:56:00+00:00,2026-07-05T21:53:00+00:00,US-West,residential,safari
S-00066,A-0018,DEV-005,IPC-93,2026-07-03T18:03:00+00:00,2026-07-03T18:50:00+00:00,US-West,mobile,safari
S-00067,A-0019,DEV-004,IPC-11,2026-07-03T14:44:00+00:00,2026-07-03T17:29:00+00:00,EU-West,residential,chrome
S-00068,A-0019,DEV-004,IPC-80,2026-07-04T15:45:00+00:00,2026-07-04T17:27:00+00:00,EU-West,datacenter,chrome
S-00069,A-0019,DEV-004,IPC-65,2026-07-06T08:37:00+00:00,2026-07-06T09:44:00+00:00,EU-West,residential,chrome
S-00070,A-0019,DEV-004,IPC-75,2026-07-05T18:27:00+00:00,2026-07-05T21:15:00+00:00,EU-West,public_wifi,chrome
S-00071,A-0020,DEV-007,IPC-83,2026-07-05T10:04:00+00:00,2026-07-05T10:58:00+00:00,US-Midwest,datacenter,chrome
S-00072,A-0020,DEV-007,IPC-63,2026-07-05T14:00:00+00:00,2026-07-05T16:25:00+00:00,US-Midwest,residential,chrome
S-00073,A-0020,DEV-007,IPC-84,2026-07-05T05:57:00+00:00,2026-07-05T08:03:00+00:00,US-Midwest,public_wifi,mobile_app
S-00074,A-0021,DEV-004,IPC-94,2026-07-05T17:30:00+00:00,2026-07-05T18:00:00+00:00,EU-West,datacenter,chrome
S-00075,A-0021,DEV-004,IPC-19,2026-07-05T22:41:00+00:00,2026-07-05T23:50:00+00:00,EU-West,public_wifi,chrome
S-00076,A-0021,DEV-004,IPC-23,2026-07-03T18:21:00+00:00,2026-07-03T19:19:00+00:00,EU-West,datacenter,chrome
S-00077,A-0021,DEV-004,IPC-28,2026-07-05T14:22:00+00:00,2026-07-05T15:46:00+00:00,EU-West,datacenter,chrome
S-00078,A-0022,DEV-006,IPC-10,2026-07-04T19:55:00+00:00,2026-07-04T22:08:00+00:00,US-South,residential,chrome
S-00079,A-0022,DEV-006,IPC-25,2026-07-04T22:51:00+00:00,2026-07-05T01:41:00+00:00,US-South,residential,mobile_app
S-00080,A-0022,DEV-006,IPC-81,2026-07-04T01:06:00+00:00,2026-07-04T03:26:00+00:00,US-South,public_wifi,chrome
S-00081,A-0022,DEV-006,IPC-70,2026-07-05T09:36:00+00:00,2026-07-05T09:47:00+00:00,US-South,public_wifi,mobile_app
S-00082,A-0023,DEV-006,IPC-50,2026-07-03T18:13:00+00:00,2026-07-03T18:53:00+00:00,US-West,datacenter,mobile_app
S-00083,A-0023,DEV-006,IPC-31,2026-07-04T03:17:00+00:00,2026-07-04T04:37:00+00:00,US-West,residential,firefox
S-00084,A-0024,DEV-006,IPC-37,2026-07-04T01:44:00+00:00,2026-07-04T03:55:00+00:00,US-South,mobile,chrome
S-00085,A-0024,DEV-006,IPC-61,2026-07-06T01:10:00+00:00,2026-07-06T02:41:00+00:00,US-South,public_wifi,mobile_app
S-00086,A-0025,DEV-004,IPC-66,2026-07-05T12:37:00+00:00,2026-07-05T13:23:00+00:00,US-Midwest,residential,safari
S-00087,A-0025,DEV-004,IPC-80,2026-07-05T17:19:00+00:00,2026-07-05T19:59:00+00:00,US-Midwest,datacenter,firefox
S-00088,A-0026,DEV-005,IPC-51,2026-07-05T11:47:00+00:00,2026-07-05T12:26:00+00:00,US-West,mobile,mobile_app
S-00089,A-0026,DEV-005,IPC-32,2026-07-03T08:43:00+00:00,2026-07-03T10:49:00+00:00,US-West,residential,chrome
S-00090,A-0026,DEV-005,IPC-47,2026-07-05T09:12:00+00:00,2026-07-05T11:52:00+00:00,US-West,datacenter,mobile_app
S-00091,A-0026,DEV-005,IPC-22,2026-07-06T02:01:00+00:00,2026-07-06T05:00:00+00:00,US-West,datacenter,safari
S-00092,A-0026,DEV-005,IPC-51,2026-07-05T05:27:00+00:00,2026-07-05T07:10:00+00:00,US-West,public_wifi,firefox
S-00093,A-0027,DEV-008,IPC-X03,2026-07-06T23:13:00+00:00,2026-07-07T00:50:00+00:00,US-Midwest,datacenter,safari
S-00094,A-0027,DEV-X05,IPC-X03,2026-07-08T01:41:00+00:00,2026-07-08T04:19:00+00:00,US-Midwest,residential,firefox
S-00095,A-0027,DEV-008,IPC-X03,2026-07-07T10:48:00+00:00,2026-07-07T12:43:00+00:00,US-Midwest,datacenter,mobile_app
S-00096,A-0027,DEV-008,IPC-X03,2026-07-08T00:33:00+00:00,2026-07-08T03:07:00+00:00,US-Midwest,residential,chrome
S-00097,A-0027,DEV-X05,IPC-X03,2026-07-06T11:22:00+00:00,2026-07-06T12:08:00+00:00,US-Midwest,mobile,firefox
S-00098,A-0028,DEV-010,IPC-X03,2026-07-06T12:25:00+00:00,2026-07-06T15:20:00+00:00,US-Northeast,datacenter,chrome
S-00099,A-0028,DEV-X06,IPC-X03,2026-07-07T23:34:00+00:00,2026-07-08T01:32:00+00:00,US-Northeast,datacenter,mobile_app
S-00100,A-0028,DEV-010,IPC-X03,2026-07-07T23:34:00+00:00,2026-07-08T01:52:00+00:00,US-Northeast,public_wifi,firefox
S-00101,A-0028,DEV-X06,IPC-X03,2026-07-08T05:19:00+00:00,2026-07-08T07:34:00+00:00,US-Northeast,mobile,firefox
S-00102,A-0029,DEV-008,IPC-X03,2026-07-08T04:43:00+00:00,2026-07-08T07:12:00+00:00,US-South,mobile,safari
S-00103,A-0029,DEV-008,IPC-X03,2026-07-06T11:19:00+00:00,2026-07-06T13:05:00+00:00,US-South,datacenter,firefox
S-00104,A-0029,DEV-X05,IPC-X03,2026-07-08T07:11:00+00:00,2026-07-08T08:40:00+00:00,US-South,public_wifi,safari
S-00105,A-0030,DEV-009,IPC-X03,2026-07-05T13:15:00+00:00,2026-07-05T15:37:00+00:00,US-Northeast,public_wifi,firefox
S-00106,A-0030,DEV-009,IPC-X03,2026-07-06T04:23:00+00:00,2026-07-06T05:29:00+00:00,US-Northeast,residential,mobile_app
S-00107,A-0031,DEV-008,IPC-X03,2026-07-07T10:03:00+00:00,2026-07-07T12:30:00+00:00,EU-West,public_wifi,mobile_app
S-00108,A-0031,DEV-008,IPC-X03,2026-07-08T01:29:00+00:00,2026-07-08T03:37:00+00:00,EU-West,public_wifi,safari
S-00109,A-0031,DEV-008,IPC-X03,2026-07-05T22:36:00+00:00,2026-07-06T01:13:00+00:00,EU-West,residential,chrome
S-00110,A-0032,DEV-009,IPC-X03,2026-07-06T08:20:00+00:00,2026-07-06T09:15:00+00:00,US-Northeast,public_wifi,chrome
S-00111,A-0032,DEV-009,IPC-X03,2026-07-07T12:37:00+00:00,2026-07-07T14:01:00+00:00,US-Northeast,mobile,mobile_app
S-00112,A-0032,DEV-009,IPC-X03,2026-07-06T08:59:00+00:00,2026-07-06T10:04:00+00:00,US-Northeast,residential,safari
S-00113,A-0032,DEV-009,IPC-X03,2026-07-07T02:24:00+00:00,2026-07-07T03:17:00+00:00,US-Northeast,public_wifi,mobile_app
S-00114,A-0032,DEV-009,IPC-X03,2026-07-05T19:24:00+00:00,2026-07-05T20:02:00+00:00,US-Northeast,mobile,chrome
S-00115,A-0033,DEV-008,IPC-X03,2026-07-06T09:11:00+00:00,2026-07-06T10:56:00+00:00,US-Northeast,public_wifi,chrome
S-00116,A-0033,DEV-008,IPC-X03,2026-07-05T11:09:00+00:00,2026-07-05T13:28:00+00:00,US-Northeast,public_wifi,safari
S-00117,A-0034,DEV-008,IPC-X03,2026-07-06T02:15:00+00:00,2026-07-06T03:27:00+00:00,EU-West,public_wifi,firefox
S-00118,A-0034,DEV-008,IPC-X03,2026-07-08T03:38:00+00:00,2026-07-08T06:29:00+00:00,EU-West,datacenter,safari
S-00119,A-0034,DEV-008,IPC-X03,2026-07-06T08:49:00+00:00,2026-07-06T08:54:00+00:00,EU-West,public_wifi,firefox
S-00120,A-0034,DEV-008,IPC-X03,2026-07-05T15:24:00+00:00,2026-07-05T17:16:00+00:00,EU-West,mobile,safari
S-00121,A-0035,DEV-009,IPC-X03,2026-07-05T15:15:00+00:00,2026-07-05T18:02:00+00:00,US-Midwest,mobile,chrome
S-00122,A-0035,DEV-009,IPC-X03,2026-07-06T04:15:00+00:00,2026-07-06T05:08:00+00:00,US-Midwest,datacenter,firefox
S-00123,A-0036,DEV-013,IPC-X03,2026-07-08T17:53:00+00:00,2026-07-08T19:02:00+00:00,US-West,datacenter,safari
S-00124,A-0036,DEV-X06,IPC-X03,2026-07-07T16:15:00+00:00,2026-07-07T17:00:00+00:00,US-West,public_wifi,mobile_app
S-00125,A-0036,DEV-013,IPC-X03,2026-07-07T16:57:00+00:00,2026-07-07T19:14:00+00:00,US-West,public_wifi,mobile_app
S-00126,A-0036,DEV-X06,IPC-X03,2026-07-09T17:42:00+00:00,2026-07-09T19:30:00+00:00,US-West,residential,mobile_app
S-00127,A-0036,DEV-013,IPC-X03,2026-07-08T09:32:00+00:00,2026-07-08T10:54:00+00:00,US-West,datacenter,chrome
S-00128,A-0037,DEV-013,IPC-X03,2026-07-07T22:55:00+00:00,2026-07-07T23:10:00+00:00,APAC,public_wifi,safari
S-00129,A-0037,DEV-013,IPC-X03,2026-07-07T12:48:00+00:00,2026-07-07T13:19:00+00:00,APAC,datacenter,safari
S-00130,A-0037,DEV-X07,IPC-X03,2026-07-08T04:37:00+00:00,2026-07-08T06:47:00+00:00,APAC,public_wifi,firefox
S-00131,A-0037,DEV-X07,IPC-X03,2026-07-10T05:05:00+00:00,2026-07-10T05:31:00+00:00,APAC,public_wifi,mobile_app
S-00132,A-0038,DEV-011,IPC-X03,2026-07-09T20:39:00+00:00,2026-07-09T20:49:00+00:00,US-Midwest,datacenter,chrome
S-00133,A-0038,DEV-011,IPC-X03,2026-07-09T02:22:00+00:00,2026-07-09T05:08:00+00:00,US-Midwest,residential,mobile_app
S-00134,A-0038,DEV-X06,IPC-X03,2026-07-10T06:41:00+00:00,2026-07-10T07:50:00+00:00,US-Midwest,datacenter,chrome
S-00135,A-0038,DEV-X06,IPC-X03,2026-07-08T13:42:00+00:00,2026-07-08T16:05:00+00:00,US-Midwest,datacenter,firefox
S-00136,A-0039,DEV-013,IPC-X03,2026-07-09T12:18:00+00:00,2026-07-09T13:51:00+00:00,US-Midwest,residential,chrome
S-00137,A-0039,DEV-013,IPC-X03,2026-07-07T19:13:00+00:00,2026-07-07T21:27:00+00:00,US-Midwest,mobile,chrome
S-00138,A-0039,DEV-X07,IPC-X03,2026-07-09T14:06:00+00:00,2026-07-09T15:49:00+00:00,US-Midwest,datacenter,safari
S-00139,A-0039,DEV-X07,IPC-X03,2026-07-08T23:05:00+00:00,2026-07-09T00:45:00+00:00,US-Midwest,datacenter,safari
S-00140,A-0040,DEV-012,IPC-44,2026-07-09T03:30:00+00:00,2026-07-09T04:07:00+00:00,US-Midwest,residential,safari
S-00141,A-0040,DEV-012,IPC-36,2026-07-09T11:45:00+00:00,2026-07-09T13:43:00+00:00,US-Midwest,datacenter,firefox
S-00142,A-0040,DEV-012,IPC-61,2026-07-08T01:20:00+00:00,2026-07-08T03:51:00+00:00,US-Midwest,public_wifi,firefox
S-00143,A-0040,DEV-012,IPC-79,2026-07-08T09:47:00+00:00,2026-07-08T10:28:00+00:00,US-Midwest,datacenter,chrome
S-00144,A-0040,DEV-012,IPC-22,2026-07-09T03:22:00+00:00,2026-07-09T05:55:00+00:00,US-Midwest,mobile,mobile_app
S-00145,A-0041,DEV-012,IPC-64,2026-07-09T10:23:00+00:00,2026-07-09T13:11:00+00:00,EU-West,residential,firefox
S-00146,A-0041,DEV-012,IPC-56,2026-07-09T01:41:00+00:00,2026-07-09T03:41:00+00:00,EU-West,residential,chrome
S-00147,A-0041,DEV-012,IPC-74,2026-07-07T14:35:00+00:00,2026-07-07T15:39:00+00:00,EU-West,public_wifi,firefox
S-00148,A-0041,DEV-012,IPC-73,2026-07-08T19:16:00+00:00,2026-07-08T19:52:00+00:00,EU-West,mobile,safari
S-00149,A-0041,DEV-012,IPC-84,2026-07-09T10:46:00+00:00,2026-07-09T11:24:00+00:00,EU-West,mobile,safari
S-00150,A-0042,DEV-011,IPC-60,2026-07-07T20:40:00+00:00,2026-07-07T22:37:00+00:00,US-Northeast,residential,mobile_app
S-00151,A-0042,DEV-011,IPC-33,2026-07-08T06:02:00+00:00,2026-07-08T08:54:00+00:00,US-Northeast,public_wifi,chrome
S-00152,A-0042,DEV-011,IPC-15,2026-07-07T09:07:00+00:00,2026-07-07T11:44:00+00:00,US-Northeast,datacenter,firefox
S-00153,A-0042,DEV-011,IPC-22,2026-07-08T02:16:00+00:00,2026-07-08T02:28:00+00:00,US-Northeast,datacenter,chrome
S-00154,A-0043,DEV-013,IPC-58,2026-07-09T15:21:00+00:00,2026-07-09T17:07:00+00:00,US-Midwest,public_wifi,mobile_app
S-00155,A-0043,DEV-013,IPC-81,2026-07-09T23:04:00+00:00,2026-07-10T00:01:00+00:00,US-Midwest,residential,firefox
S-00156,A-0043,DEV-013,IPC-36,2026-07-09T21:06:00+00:00,2026-07-09T22:38:00+00:00,US-Midwest,mobile,chrome
S-00157,A-0044,DEV-013,IPC-81,2026-07-09T20:37:00+00:00,2026-07-09T21:02:00+00:00,APAC,mobile,safari
S-00158,A-0044,DEV-013,IPC-51,2026-07-08T16:02:00+00:00,2026-07-08T18:22:00+00:00,APAC,residential,chrome
S-00159,A-0045,DEV-013,IPC-46,2026-07-07T21:28:00+00:00,2026-07-07T21:37:00+00:00,EU-West,public_wifi,mobile_app
S-00160,A-0045,DEV-013,IPC-44,2026-07-08T21:36:00+00:00,2026-07-08T22:34:00+00:00,EU-West,residential,mobile_app
S-00161,A-0045,DEV-013,IPC-74,2026-07-08T05:59:00+00:00,2026-07-08T08:05:00+00:00,EU-West,datacenter,safari
S-00162,A-0046,DEV-013,IPC-33,2026-07-10T03:26:00+00:00,2026-07-10T06:18:00+00:00,US-South,residential,mobile_app
S-00163,A-0046,DEV-013,IPC-11,2026-07-08T14:50:00+00:00,2026-07-08T16:23:00+00:00,US-South,datacenter,firefox
S-00164,A-0046,DEV-013,IPC-83,2026-07-07T20:46:00+00:00,2026-07-07T22:20:00+00:00,US-South,residential,mobile_app
S-00165,A-0047,DEV-013,IPC-40,2026-07-09T22:09:00+00:00,2026-07-10T00:24:00+00:00,US-West,residential,chrome
S-00166,A-0047,DEV-013,IPC-58,2026-07-08T17:09:00+00:00,2026-07-08T17:33:00+00:00,US-West,public_wifi,safari
S-00167,A-0047,DEV-013,IPC-93,2026-07-10T04:35:00+00:00,2026-07-10T06:45:00+00:00,US-West,residential,chrome
S-00168,A-0048,DEV-X02,IPC-X01,2026-07-11T13:33:00+00:00,2026-07-11T16:29:00+00:00,US-South,residential,firefox
S-00169,A-0048,DEV-016,IPC-X01,2026-07-12T08:11:00+00:00,2026-07-12T11:01:00+00:00,US-South,residential,chrome
S-00170,A-0049,DEV-018,IPC-X01,2026-07-09T18:26:00+00:00,2026-07-09T19:56:00+00:00,US-Northeast,mobile,firefox
S-00171,A-0049,DEV-018,IPC-X01,2026-07-10T14:28:00+00:00,2026-07-10T14:51:00+00:00,US-Northeast,datacenter,firefox
S-00172,A-0049,DEV-X07,IPC-X01,2026-07-09T16:07:00+00:00,2026-07-09T19:07:00+00:00,US-Northeast,public_wifi,chrome
S-00173,A-0050,DEV-X02,IPC-X01,2026-07-09T22:29:00+00:00,2026-07-09T23:47:00+00:00,US-Midwest,residential,safari
S-00174,A-0050,DEV-019,IPC-X01,2026-07-09T09:26:00+00:00,2026-07-09T11:59:00+00:00,US-Midwest,datacenter,firefox
S-00175,A-0050,DEV-019,IPC-X01,2026-07-10T06:49:00+00:00,2026-07-10T06:57:00+00:00,US-Midwest,public_wifi,firefox
S-00176,A-0050,DEV-019,IPC-X01,2026-07-10T16:27:00+00:00,2026-07-10T18:34:00+00:00,US-Midwest,datacenter,firefox
S-00177,A-0051,DEV-019,IPC-X01,2026-07-09T21:21:00+00:00,2026-07-09T23:20:00+00:00,APAC,mobile,firefox
S-00178,A-0051,DEV-X07,IPC-X01,2026-07-12T07:12:00+00:00,2026-07-12T08:00:00+00:00,APAC,mobile,firefox
S-00179,A-0051,DEV-X07,IPC-X01,2026-07-12T01:04:00+00:00,2026-07-12T03:14:00+00:00,APAC,datacenter,firefox
S-00180,A-0051,DEV-019,IPC-X01,2026-07-11T23:15:00+00:00,2026-07-12T00:26:00+00:00,APAC,datacenter,firefox
S-00181,A-0051,DEV-019,IPC-X01,2026-07-09T20:29:00+00:00,2026-07-09T21:26:00+00:00,APAC,public_wifi,mobile_app
S-00182,A-0052,DEV-015,IPC-78,2026-07-10T17:26:00+00:00,2026-07-10T20:02:00+00:00,EU-West,mobile,safari
S-00183,A-0052,DEV-015,IPC-36,2026-07-11T07:12:00+00:00,2026-07-11T07:41:00+00:00,EU-West,residential,mobile_app
S-00184,A-0052,DEV-015,IPC-71,2026-07-10T15:17:00+00:00,2026-07-10T16:32:00+00:00,EU-West,mobile,chrome
S-00185,A-0053,DEV-014,IPC-60,2026-07-10T10:59:00+00:00,2026-07-10T12:26:00+00:00,US-South,datacenter,chrome
S-00186,A-0053,DEV-014,IPC-85,2026-07-10T06:40:00+00:00,2026-07-10T08:35:00+00:00,US-South,residential,safari
S-00187,A-0054,DEV-019,IPC-19,2026-07-10T08:01:00+00:00,2026-07-10T08:57:00+00:00,US-West,public_wifi,chrome
S-00188,A-0054,DEV-019,IPC-57,2026-07-10T07:43:00+00:00,2026-07-10T07:52:00+00:00,US-West,datacenter,chrome
S-00189,A-0054,DEV-019,IPC-50,2026-07-12T06:58:00+00:00,2026-07-12T07:33:00+00:00,US-West,residential,mobile_app
S-00190,A-0055,DEV-014,IPC-65,2026-07-11T10:25:00+00:00,2026-07-11T12:52:00+00:00,APAC,datacenter,mobile_app
S-00191,A-0055,DEV-014,IPC-49,2026-07-10T08:02:00+00:00,2026-07-10T08:46:00+00:00,APAC,datacenter,mobile_app
S-00192,A-0055,DEV-014,IPC-95,2026-07-10T14:37:00+00:00,2026-07-10T16:05:00+00:00,APAC,residential,safari
S-00193,A-0055,DEV-014,IPC-51,2026-07-10T22:43:00+00:00,2026-07-10T23:33:00+00:00,APAC,datacenter,mobile_app
S-00194,A-0055,DEV-014,IPC-57,2026-07-09T15:12:00+00:00,2026-07-09T17:34:00+00:00,APAC,datacenter,chrome
S-00195,A-0056,DEV-014,IPC-80,2026-07-10T15:57:00+00:00,2026-07-10T18:01:00+00:00,EU-West,residential,mobile_app
S-00196,A-0056,DEV-014,IPC-50,2026-07-10T16:21:00+00:00,2026-07-10T17:19:00+00:00,EU-West,datacenter,safari
S-00197,A-0056,DEV-014,IPC-41,2026-07-10T15:53:00+00:00,2026-07-10T16:45:00+00:00,EU-West,public_wifi,chrome
S-00198,A-0056,DEV-014,IPC-40,2026-07-11T18:48:00+00:00,2026-07-11T20:48:00+00:00,EU-West,datacenter,mobile_app
S-00199,A-0057,DEV-014,IPC-24,2026-07-10T22:34:00+00:00,2026-07-11T01:29:00+00:00,US-Northeast,residential,safari
S-00200,A-0057,DEV-014,IPC-59,2026-07-10T17:56:00+00:00,2026-07-10T19:41:00+00:00,US-Northeast,public_wifi,firefox
S-00201,A-0058,DEV-015,IPC-78,2026-07-12T07:40:00+00:00,2026-07-12T08:52:00+00:00,US-Northeast,datacenter,chrome
S-00202,A-0058,DEV-015,IPC-43,2026-07-11T05:28:00+00:00,2026-07-11T06:32:00+00:00,US-Northeast,public_wifi,mobile_app
S-00203,A-0059,DEV-016,IPC-36,2026-07-11T20:09:00+00:00,2026-07-11T22:08:00+00:00,US-South,public_wifi,chrome
S-00204,A-0059,DEV-016,IPC-72,2026-07-10T22:02:00+00:00,2026-07-10T23:39:00+00:00,US-South,residential,mobile_app
S-00205,A-0060,DEV-019,IPC-27,2026-07-10T14:17:00+00:00,2026-07-10T14:41:00+00:00,US-West,public_wifi,firefox
S-00206,A-0060,DEV-019,IPC-10,2026-07-12T06:49:00+00:00,2026-07-12T09:27:00+00:00,US-West,public_wifi,chrome
S-00207,A-0060,DEV-019,IPC-72,2026-07-09T23:24:00+00:00,2026-07-10T01:16:00+00:00,US-West,public_wifi,mobile_app
S-00208,A-0061,DEV-014,IPC-78,2026-07-10T06:10:00+00:00,2026-07-10T07:20:00+00:00,US-Midwest,datacenter,safari
S-00209,A-0061,DEV-014,IPC-73,2026-07-11T21:52:00+00:00,2026-07-11T23:18:00+00:00,US-Midwest,residential,safari
S-00210,A-0061,DEV-014,IPC-13,2026-07-10T19:44:00+00:00,2026-07-10T20:56:00+00:00,US-Midwest,residential,mobile_app
S-00211,A-0062,DEV-019,IPC-57,2026-07-12T07:13:00+00:00,2026-07-12T10:04:00+00:00,US-South,mobile,firefox
S-00212,A-0062,DEV-019,IPC-25,2026-07-10T10:36:00+00:00,2026-07-10T12:34:00+00:00,US-South,public_wifi,safari
S-00213,A-0062,DEV-019,IPC-17,2026-07-12T02:59:00+00:00,2026-07-12T05:06:00+00:00,US-South,datacenter,safari
S-00214,A-0063,DEV-016,IPC-59,2026-07-09T18:46:00+00:00,2026-07-09T21:38:00+00:00,EU-West,residential,firefox
S-00215,A-0063,DEV-016,IPC-66,2026-07-12T07:14:00+00:00,2026-07-12T08:07:00+00:00,EU-West,public_wifi,safari
S-00216,A-0063,DEV-016,IPC-92,2026-07-12T01:43:00+00:00,2026-07-12T02:08:00+00:00,EU-West,public_wifi,chrome
S-00217,A-0063,DEV-016,IPC-97,2026-07-10T01:24:00+00:00,2026-07-10T02:33:00+00:00,EU-West,residential,firefox
S-00218,A-0064,DEV-015,IPC-54,2026-07-11T00:38:00+00:00,2026-07-11T03:01:00+00:00,US-Northeast,mobile,chrome
S-00219,A-0064,DEV-015,IPC-40,2026-07-09T22:59:00+00:00,2026-07-10T00:26:00+00:00,US-Northeast,public_wifi,mobile_app
S-00220,A-0064,DEV-015,IPC-59,2026-07-12T07:07:00+00:00,2026-07-12T08:05:00+00:00,US-Northeast,residential,safari
S-00221,A-0065,DEV-014,IPC-62,2026-07-12T08:35:00+00:00,2026-07-12T09:22:00+00:00,US-South,public_wifi,firefox
S-00222,A-0065,DEV-014,IPC-17,2026-07-09T20:37:00+00:00,2026-07-09T22:07:00+00:00,US-South,public_wifi,safari
S-00223,A-0065,DEV-014,IPC-80,2026-07-09T17:42:00+00:00,2026-07-09T20:07:00+00:00,US-South,residential,mobile_app
S-00224,A-0065,DEV-014,IPC-11,2026-07-11T16:59:00+00:00,2026-07-11T18:20:00+00:00,US-South,datacenter,firefox
S-00225,A-0065,DEV-014,IPC-53,2026-07-10T17:24:00+00:00,2026-07-10T20:09:00+00:00,US-South,datacenter,mobile_app
S-00226,A-0066,DEV-019,IPC-68,2026-07-09T09:50:00+00:00,2026-07-09T10:44:00+00:00,US-West,mobile,firefox
S-00227,A-0066,DEV-019,IPC-71,2026-07-09T15:57:00+00:00,2026-07-09T17:24:00+00:00,US-West,public_wifi,firefox
S-00228,A-0066,DEV-019,IPC-58,2026-07-12T00:41:00+00:00,2026-07-12T03:41:00+00:00,US-West,public_wifi,safari
S-00229,A-0066,DEV-019,IPC-54,2026-07-10T00:56:00+00:00,2026-07-10T03:06:00+00:00,US-West,mobile,safari
S-00230,A-0067,DEV-015,IPC-38,2026-07-09T22:03:00+00:00,2026-07-09T22:08:00+00:00,APAC,mobile,safari
S-00231,A-0067,DEV-015,IPC-50,2026-07-10T08:40:00+00:00,2026-07-10T08:49:00+00:00,APAC,datacenter,chrome
S-00232,A-0067,DEV-015,IPC-91,2026-07-10T18:56:00+00:00,2026-07-10T19:51:00+00:00,APAC,mobile,chrome
S-00233,A-0067,DEV-015,IPC-98,2026-07-10T13:42:00+00:00,2026-07-10T14:22:00+00:00,APAC,residential,chrome
S-00234,A-0067,DEV-015,IPC-80,2026-07-09T23:20:00+00:00,2026-07-10T01:46:00+00:00,APAC,datacenter,chrome
S-00235,A-0068,DEV-017,IPC-35,2026-07-12T07:02:00+00:00,2026-07-12T09:10:00+00:00,US-Midwest,public_wifi,safari
S-00236,A-0068,DEV-017,IPC-62,2026-07-10T11:06:00+00:00,2026-07-10T12:32:00+00:00,US-Midwest,datacenter,safari
S-00237,A-0068,DEV-017,IPC-76,2026-07-10T06:46:00+00:00,2026-07-10T07:10:00+00:00,US-Midwest,datacenter,mobile_app
S-00238,A-0068,DEV-017,IPC-55,2026-07-11T20:29:00+00:00,2026-07-11T21:47:00+00:00,US-Midwest,residential,firefox
S-00239,A-0069,DEV-017,IPC-73,2026-07-12T07:35:00+00:00,2026-07-12T09:58:00+00:00,EU-West,datacenter,safari
S-00240,A-0069,DEV-017,IPC-61,2026-07-10T14:58:00+00:00,2026-07-10T17:15:00+00:00,EU-West,residential,firefox
S-00241,A-0069,DEV-017,IPC-36,2026-07-10T21:50:00+00:00,2026-07-10T22:25:00+00:00,EU-West,mobile,firefox
S-00242,A-0070,DEV-014,IPC-15,2026-07-11T16:24:00+00:00,2026-07-11T19:18:00+00:00,US-Midwest,public_wifi,safari
S-00243,A-0070,DEV-014,IPC-96,2026-07-12T03:29:00+00:00,2026-07-12T05:35:00+00:00,US-Midwest,mobile,chrome
S-00244,A-0071,DEV-014,IPC-24,2026-07-11T03:04:00+00:00,2026-07-11T04:24:00+00:00,APAC,public_wifi,safari
S-00245,A-0071,DEV-014,IPC-71,2026-07-10T12:45:00+00:00,2026-07-10T15:00:00+00:00,APAC,mobile,chrome
S-00246,A-0071,DEV-014,IPC-33,2026-07-10T05:06:00+00:00,2026-07-10T06:46:00+00:00,APAC,public_wifi,chrome
S-00247,A-0071,DEV-014,IPC-20,2026-07-10T13:21:00+00:00,2026-07-10T14:33:00+00:00,APAC,datacenter,mobile_app
S-00248,A-0072,DEV-020,IPC-X03,2026-07-12T04:29:00+00:00,2026-07-12T05:19:00+00:00,EU-West,public_wifi,mobile_app
S-00249,A-0072,DEV-020,IPC-X03,2026-07-12T20:58:00+00:00,2026-07-12T21:11:00+00:00,EU-West,mobile,chrome
S-00250,A-0072,DEV-020,IPC-X03,2026-07-12T05:24:00+00:00,2026-07-12T07:21:00+00:00,EU-West,residential,safari
S-00251,A-0072,DEV-020,IPC-X03,2026-07-12T10:05:00+00:00,2026-07-12T10:30:00+00:00,EU-West,datacenter,chrome
S-00252,A-0073,DEV-X08,IPC-X03,2026-07-12T19:00:00+00:00,2026-07-12T21:30:00+00:00,APAC,residential,mobile_app
S-00253,A-0073,DEV-X08,IPC-X03,2026-07-12T17:42:00+00:00,2026-07-12T19:43:00+00:00,APAC,datacenter,chrome
S-00254,A-0073,DEV-020,IPC-X03,2026-07-12T23:58:00+00:00,2026-07-13T01:42:00+00:00,APAC,residential,chrome
S-00255,A-0074,DEV-X05,IPC-X03,2026-07-12T14:12:00+00:00,2026-07-12T14:36:00+00:00,US-Midwest,datacenter,safari
S-00256,A-0074,DEV-X05,IPC-X03,2026-07-13T10:59:00+00:00,2026-07-13T11:34:00+00:00,US-Midwest,public_wifi,mobile_app
S-00257,A-0075,DEV-022,IPC-X03,2026-07-12T14:01:00+00:00,2026-07-12T14:38:00+00:00,US-Midwest,mobile,chrome
S-00258,A-0075,DEV-022,IPC-X03,2026-07-11T08:55:00+00:00,2026-07-11T09:09:00+00:00,US-Midwest,datacenter,safari
S-00259,A-0075,DEV-022,IPC-X03,2026-07-11T10:51:00+00:00,2026-07-11T13:47:00+00:00,US-Midwest,mobile,chrome
S-00260,A-0076,DEV-022,IPC-X03,2026-07-12T07:44:00+00:00,2026-07-12T08:41:00+00:00,US-Midwest,datacenter,safari
S-00261,A-0076,DEV-022,IPC-X03,2026-07-14T07:38:00+00:00,2026-07-14T07:46:00+00:00,US-Midwest,residential,safari
S-00262,A-0076,DEV-022,IPC-X03,2026-07-13T12:11:00+00:00,2026-07-13T13:14:00+00:00,US-Midwest,residential,chrome
S-00263,A-0076,DEV-022,IPC-X03,2026-07-13T05:10:00+00:00,2026-07-13T07:15:00+00:00,US-Midwest,mobile,firefox
S-00264,A-0077,DEV-021,IPC-X03,2026-07-11T08:28:00+00:00,2026-07-11T11:28:00+00:00,US-South,public_wifi,chrome
S-00265,A-0077,DEV-021,IPC-X03,2026-07-14T00:17:00+00:00,2026-07-14T00:40:00+00:00,US-South,mobile,mobile_app
S-00266,A-0078,DEV-022,IPC-X03,2026-07-13T17:40:00+00:00,2026-07-13T20:36:00+00:00,APAC,datacenter,firefox
S-00267,A-0078,DEV-022,IPC-X03,2026-07-13T20:09:00+00:00,2026-07-13T20:34:00+00:00,APAC,public_wifi,safari
S-00268,A-0078,DEV-022,IPC-X03,2026-07-13T13:26:00+00:00,2026-07-13T15:18:00+00:00,APAC,datacenter,firefox
S-00269,A-0078,DEV-022,IPC-X03,2026-07-12T14:30:00+00:00,2026-07-12T15:29:00+00:00,APAC,public_wifi,mobile_app
S-00270,A-0078,DEV-022,IPC-X03,2026-07-12T16:20:00+00:00,2026-07-12T18:11:00+00:00,APAC,datacenter,firefox
S-00271,A-0079,DEV-022,IPC-X03,2026-07-11T12:41:00+00:00,2026-07-11T15:26:00+00:00,US-Midwest,residential,mobile_app
S-00272,A-0079,DEV-022,IPC-X03,2026-07-14T03:04:00+00:00,2026-07-14T03:48:00+00:00,US-Midwest,mobile,mobile_app
S-00273,A-0080,DEV-022,IPC-X03,2026-07-13T06:50:00+00:00,2026-07-13T07:27:00+00:00,US-Northeast,datacenter,chrome
S-00274,A-0080,DEV-022,IPC-X03,2026-07-13T07:13:00+00:00,2026-07-13T09:07:00+00:00,US-Northeast,mobile,safari
S-00275,A-0080,DEV-022,IPC-X03,2026-07-13T14:14:00+00:00,2026-07-13T16:31:00+00:00,US-Northeast,public_wifi,safari
S-00276,A-0081,DEV-022,IPC-X03,2026-07-11T18:58:00+00:00,2026-07-11T20:54:00+00:00,EU-West,public_wifi,safari
S-00277,A-0081,DEV-022,IPC-X03,2026-07-13T18:57:00+00:00,2026-07-13T20:32:00+00:00,EU-West,residential,chrome
S-00278,A-0081,DEV-022,IPC-X03,2026-07-11T15:42:00+00:00,2026-07-11T18:09:00+00:00,EU-West,public_wifi,firefox
S-00279,A-0082,DEV-020,IPC-X03,2026-07-12T10:12:00+00:00,2026-07-12T13:01:00+00:00,US-Northeast,mobile,safari
S-00280,A-0082,DEV-020,IPC-X03,2026-07-13T22:13:00+00:00,2026-07-13T23:30:00+00:00,US-Northeast,residential,chrome
S-00281,A-0082,DEV-020,IPC-X03,2026-07-14T06:11:00+00:00,2026-07-14T08:08:00+00:00,US-Northeast,residential,safari
S-00282,A-0083,DEV-021,IPC-X03,2026-07-12T13:59:00+00:00,2026-07-12T14:33:00+00:00,APAC,datacenter,mobile_app
S-00283,A-0083,DEV-021,IPC-X03,2026-07-11T09:04:00+00:00,2026-07-11T10:39:00+00:00,APAC,datacenter,mobile_app
S-00284,A-0083,DEV-021,IPC-X03,2026-07-11T12:26:00+00:00,2026-07-11T13:09:00+00:00,APAC,public_wifi,mobile_app
S-00285,A-0083,DEV-021,IPC-X03,2026-07-13T10:38:00+00:00,2026-07-13T10:55:00+00:00,APAC,datacenter,firefox
S-00286,A-0084,DEV-020,IPC-X03,2026-07-13T07:18:00+00:00,2026-07-13T09:52:00+00:00,US-Midwest,datacenter,chrome
S-00287,A-0084,DEV-020,IPC-X03,2026-07-14T04:20:00+00:00,2026-07-14T07:14:00+00:00,US-Midwest,public_wifi,firefox
S-00288,A-0084,DEV-020,IPC-X03,2026-07-11T16:25:00+00:00,2026-07-11T19:18:00+00:00,US-Midwest,datacenter,mobile_app
S-00289,A-0085,DEV-020,IPC-X03,2026-07-11T18:33:00+00:00,2026-07-11T20:38:00+00:00,US-West,mobile,firefox
S-00290,A-0085,DEV-020,IPC-X03,2026-07-12T10:07:00+00:00,2026-07-12T11:00:00+00:00,US-West,residential,mobile_app
S-00291,A-0085,DEV-020,IPC-X03,2026-07-13T13:07:00+00:00,2026-07-13T14:44:00+00:00,US-West,mobile,chrome
S-00292,A-0086,DEV-020,IPC-X03,2026-07-12T07:34:00+00:00,2026-07-12T09:58:00+00:00,APAC,mobile,chrome
S-00293,A-0086,DEV-020,IPC-X03,2026-07-14T01:45:00+00:00,2026-07-14T03:44:00+00:00,APAC,residential,mobile_app
S-00294,A-0087,DEV-X01,IPC-X04,2026-07-14T11:48:00+00:00,2026-07-14T12:32:00+00:00,US-South,public_wifi,firefox
S-00295,A-0087,DEV-X01,IPC-X04,2026-07-14T10:44:00+00:00,2026-07-14T12:53:00+00:00,US-South,datacenter,safari
S-00296,A-0088,DEV-X09,IPC-X04,2026-07-13T18:15:00+00:00,2026-07-13T18:26:00+00:00,US-South,datacenter,chrome
S-00297,A-0088,DEV-024,IPC-X04,2026-07-14T14:25:00+00:00,2026-07-14T16:24:00+00:00,US-South,datacenter,safari
S-00298,A-0088,DEV-024,IPC-X04,2026-07-13T08:12:00+00:00,2026-07-13T08:54:00+00:00,US-South,mobile,safari
S-00299,A-0089,DEV-X01,IPC-X04,2026-07-15T13:26:00+00:00,2026-07-15T14:57:00+00:00,US-Northeast,datacenter,chrome
S-00300,A-0089,DEV-023,IPC-X04,2026-07-15T12:14:00+00:00,2026-07-15T12:41:00+00:00,US-Northeast,datacenter,mobile_app
S-00301,A-0089,DEV-023,IPC-X04,2026-07-14T09:20:00+00:00,2026-07-14T10:06:00+00:00,US-Northeast,public_wifi,mobile_app
S-00302,A-0090,DEV-024,IPC-X04,2026-07-15T01:22:00+00:00,2026-07-15T02:45:00+00:00,US-Northeast,datacenter,chrome
S-00303,A-0090,DEV-024,IPC-X04,2026-07-14T19:19:00+00:00,2026-07-14T19:29:00+00:00,US-Northeast,mobile,mobile_app
S-00304,A-0091,DEV-023,IPC-79,2026-07-15T10:01:00+00:00,2026-07-15T11:23:00+00:00,US-Northeast,mobile,firefox
S-00305,A-0091,DEV-023,IPC-85,2026-07-15T10:34:00+00:00,2026-07-15T12:59:00+00:00,US-Northeast,residential,firefox
S-00306,A-0091,DEV-023,IPC-38,2026-07-15T09:38:00+00:00,2026-07-15T10:38:00+00:00,US-Northeast,datacenter,mobile_app
S-00307,A-0092,DEV-025,IPC-20,2026-07-16T01:21:00+00:00,2026-07-16T03:03:00+00:00,US-Northeast,datacenter,mobile_app
S-00308,A-0092,DEV-025,IPC-56,2026-07-16T08:47:00+00:00,2026-07-16T10:26:00+00:00,US-Northeast,residential,chrome
S-00309,A-0092,DEV-025,IPC-99,2026-07-16T00:43:00+00:00,2026-07-16T03:36:00+00:00,US-Northeast,mobile,chrome
S-00310,A-0092,DEV-025,IPC-58,2026-07-16T00:17:00+00:00,2026-07-16T01:06:00+00:00,US-Northeast,datacenter,safari
S-00311,A-0093,DEV-023,IPC-81,2026-07-15T16:37:00+00:00,2026-07-15T17:03:00+00:00,US-Northeast,residential,mobile_app
S-00312,A-0093,DEV-023,IPC-22,2026-07-14T05:33:00+00:00,2026-07-14T07:12:00+00:00,US-Northeast,public_wifi,firefox
S-00313,A-0093,DEV-023,IPC-82,2026-07-15T19:30:00+00:00,2026-07-15T21:08:00+00:00,US-Northeast,datacenter,chrome
S-00314,A-0093,DEV-023,IPC-89,2026-07-13T20:48:00+00:00,2026-07-13T23:02:00+00:00,US-Northeast,mobile,mobile_app
S-00315,A-0094,DEV-025,IPC-56,2026-07-14T18:12:00+00:00,2026-07-14T18:39:00+00:00,EU-West,public_wifi,chrome
S-00316,A-0094,DEV-025,IPC-99,2026-07-14T06:28:00+00:00,2026-07-14T08:01:00+00:00,EU-West,public_wifi,mobile_app
S-00317,A-0094,DEV-025,IPC-60,2026-07-15T23:12:00+00:00,2026-07-16T00:48:00+00:00,EU-West,datacenter,firefox
S-00318,A-0094,DEV-025,IPC-36,2026-07-15T16:20:00+00:00,2026-07-15T19:01:00+00:00,EU-West,residential,safari
S-00319,A-0095,DEV-025,IPC-71,2026-07-15T13:10:00+00:00,2026-07-15T15:01:00+00:00,US-Northeast,datacenter,safari
S-00320,A-0095,DEV-025,IPC-65,2026-07-15T07:34:00+00:00,2026-07-15T08:12:00+00:00,US-Northeast,public_wifi,mobile_app
S-00321,A-0095,DEV-025,IPC-79,2026-07-15T11:42:00+00:00,2026-07-15T12:21:00+00:00,US-Northeast,mobile,firefox
S-00322,A-0095,DEV-025,IPC-80,2026-07-14T19:20:00+00:00,2026-07-14T20:27:00+00:00,US-Northeast,mobile,chrome
S-00323,A-0095,DEV-025,IPC-55,2026-07-14T03:58:00+00:00,2026-07-14T06:47:00+00:00,US-Northeast,public_wifi,mobile_app
S-00324,A-0096,DEV-023,IPC-55,2026-07-14T20:56:00+00:00,2026-07-14T21:15:00+00:00,US-West,datacenter,safari
S-00325,A-0096,DEV-023,IPC-77,2026-07-16T07:56:00+00:00,2026-07-16T10:05:00+00:00,US-West,mobile,chrome
S-00326,A-0096,DEV-023,IPC-35,2026-07-13T20:06:00+00:00,2026-07-13T21:18:00+00:00,US-West,datacenter,firefox
S-00327,A-0097,DEV-024,IPC-19,2026-07-13T14:55:00+00:00,2026-07-13T17:48:00+00:00,EU-West,datacenter,chrome
S-00328,A-0097,DEV-024,IPC-55,2026-07-15T01:38:00+00:00,2026-07-15T03:39:00+00:00,EU-West,residential,chrome
S-00329,A-0098,DEV-028,IPC-X05,2026-07-18T01:57:00+00:00,2026-07-18T03:59:00+00:00,US-South,residential,chrome
S-00330,A-0098,DEV-028,IPC-X05,2026-07-18T03:47:00+00:00,2026-07-18T05:44:00+00:00,US-South,mobile,safari
S-00331,A-0098,DEV-028,IPC-X05,2026-07-17T20:36:00+00:00,2026-07-17T21:21:00+00:00,US-South,mobile,safari
S-00332,A-0098,DEV-X05,IPC-X05,2026-07-16T01:10:00+00:00,2026-07-16T02:13:00+00:00,US-South,mobile,chrome
S-00333,A-0098,DEV-028,IPC-X05,2026-07-16T06:51:00+00:00,2026-07-16T07:16:00+00:00,US-South,public_wifi,mobile_app
S-00334,A-0099,DEV-X10,IPC-X05,2026-07-17T22:03:00+00:00,2026-07-18T00:05:00+00:00,APAC,public_wifi,chrome
S-00335,A-0099,DEV-X10,IPC-X05,2026-07-17T05:05:00+00:00,2026-07-17T05:34:00+00:00,APAC,public_wifi,chrome
S-00336,A-0099,DEV-X10,IPC-X05,2026-07-17T05:56:00+00:00,2026-07-17T07:19:00+00:00,APAC,public_wifi,firefox
S-00337,A-0100,DEV-X05,IPC-X05,2026-07-17T09:41:00+00:00,2026-07-17T12:13:00+00:00,US-West,datacenter,firefox
S-00338,A-0100,DEV-X05,IPC-X05,2026-07-18T04:21:00+00:00,2026-07-18T05:05:00+00:00,US-West,public_wifi,safari
S-00339,A-0101,DEV-X10,IPC-X05,2026-07-18T07:17:00+00:00,2026-07-18T08:44:00+00:00,US-West,mobile,safari
S-00340,A-0101,DEV-028,IPC-X05,2026-07-17T08:45:00+00:00,2026-07-17T09:28:00+00:00,US-West,public_wifi,safari
S-00341,A-0101,DEV-X10,IPC-X05,2026-07-16T04:49:00+00:00,2026-07-16T05:09:00+00:00,US-West,residential,safari
S-00342,A-0102,DEV-026,IPC-40,2026-07-15T21:06:00+00:00,2026-07-15T23:17:00+00:00,US-West,datacenter,chrome
S-00343,A-0102,DEV-026,IPC-32,2026-07-16T16:13:00+00:00,2026-07-16T17:10:00+00:00,US-West,mobile,safari
S-00344,A-0102,DEV-026,IPC-45,2026-07-17T21:57:00+00:00,2026-07-18T00:46:00+00:00,US-West,datacenter,safari
S-00345,A-0102,DEV-026,IPC-98,2026-07-17T00:46:00+00:00,2026-07-17T03:44:00+00:00,US-West,public_wifi,mobile_app
S-00346,A-0102,DEV-026,IPC-23,2026-07-15T19:57:00+00:00,2026-07-15T20:42:00+00:00,US-West,residential,mobile_app
S-00347,A-0103,DEV-027,IPC-79,2026-07-15T19:01:00+00:00,2026-07-15T20:50:00+00:00,EU-West,public_wifi,mobile_app
S-00348,A-0103,DEV-027,IPC-65,2026-07-17T04:32:00+00:00,2026-07-17T06:25:00+00:00,EU-West,public_wifi,mobile_app
S-00349,A-0103,DEV-027,IPC-87,2026-07-18T03:00:00+00:00,2026-07-18T03:12:00+00:00,EU-West,datacenter,safari
S-00350,A-0103,DEV-027,IPC-43,2026-07-16T03:59:00+00:00,2026-07-16T06:02:00+00:00,EU-West,mobile,chrome
S-00351,A-0103,DEV-027,IPC-95,2026-07-15T12:55:00+00:00,2026-07-15T15:37:00+00:00,EU-West,public_wifi,safari
S-00352,A-0104,DEV-027,IPC-53,2026-07-15T16:21:00+00:00,2026-07-15T18:17:00+00:00,EU-West,mobile,safari
S-00353,A-0104,DEV-027,IPC-91,2026-07-16T15:41:00+00:00,2026-07-16T17:24:00+00:00,EU-West,mobile,mobile_app
S-00354,A-0104,DEV-027,IPC-26,2026-07-15T09:25:00+00:00,2026-07-15T11:15:00+00:00,EU-West,datacenter,chrome
S-00355,A-0104,DEV-027,IPC-93,2026-07-17T00:52:00+00:00,2026-07-17T03:48:00+00:00,EU-West,mobile,safari
S-00356,A-0104,DEV-027,IPC-94,2026-07-15T13:59:00+00:00,2026-07-15T15:37:00+00:00,EU-West,public_wifi,mobile_app
S-00357,A-0105,DEV-027,IPC-42,2026-07-15T17:12:00+00:00,2026-07-15T17:24:00+00:00,US-South,residential,chrome
S-00358,A-0105,DEV-027,IPC-85,2026-07-17T06:05:00+00:00,2026-07-17T06:21:00+00:00,US-South,mobile,safari
S-00359,A-0105,DEV-027,IPC-99,2026-07-17T07:42:00+00:00,2026-07-17T10:07:00+00:00,US-South,datacenter,chrome
S-00360,A-0106,DEV-027,IPC-41,2026-07-16T11:12:00+00:00,2026-07-16T12:16:00+00:00,EU-West,datacenter,mobile_app
S-00361,A-0106,DEV-027,IPC-52,2026-07-16T18:18:00+00:00,2026-07-16T20:46:00+00:00,EU-West,residential,firefox
S-00362,A-0106,DEV-027,IPC-69,2026-07-15T17:00:00+00:00,2026-07-15T18:35:00+00:00,EU-West,mobile,mobile_app
S-00363,A-0106,DEV-027,IPC-54,2026-07-16T07:37:00+00:00,2026-07-16T08:48:00+00:00,EU-West,datacenter,mobile_app
S-00364,A-0107,DEV-028,IPC-72,2026-07-15T13:39:00+00:00,2026-07-15T15:30:00+00:00,EU-West,datacenter,chrome
S-00365,A-0107,DEV-028,IPC-24,2026-07-16T02:32:00+00:00,2026-07-16T04:14:00+00:00,EU-West,mobile,safari
S-00366,A-0107,DEV-028,IPC-89,2026-07-16T00:40:00+00:00,2026-07-16T02:03:00+00:00,EU-West,residential,mobile_app
S-00367,A-0108,DEV-028,IPC-23,2026-07-17T13:48:00+00:00,2026-07-17T14:56:00+00:00,APAC,public_wifi,chrome
S-00368,A-0108,DEV-028,IPC-48,2026-07-18T02:21:00+00:00,2026-07-18T04:56:00+00:00,APAC,public_wifi,mobile_app
S-00369,A-0108,DEV-028,IPC-66,2026-07-16T09:25:00+00:00,2026-07-16T11:05:00+00:00,APAC,mobile,firefox
S-00370,A-0108,DEV-028,IPC-11,2026-07-15T21:10:00+00:00,2026-07-15T22:17:00+00:00,APAC,residential,mobile_app
S-00371,A-0109,DEV-026,IPC-73,2026-07-16T04:46:00+00:00,2026-07-16T05:56:00+00:00,EU-West,residential,safari
S-00372,A-0109,DEV-026,IPC-57,2026-07-17T18:23:00+00:00,2026-07-17T19:21:00+00:00,EU-West,public_wifi,safari
S-00373,A-0109,DEV-026,IPC-34,2026-07-18T06:51:00+00:00,2026-07-18T08:53:00+00:00,EU-West,mobile,firefox
S-00374,A-0109,DEV-026,IPC-25,2026-07-16T02:42:00+00:00,2026-07-16T03:54:00+00:00,EU-West,residential,firefox
S-00375,A-0109,DEV-026,IPC-64,2026-07-17T11:52:00+00:00,2026-07-17T13:04:00+00:00,EU-West,public_wifi,chrome
S-00376,A-0110,DEV-028,IPC-90,2026-07-16T03:52:00+00:00,2026-07-16T05:22:00+00:00,US-West,datacenter,chrome
S-00377,A-0110,DEV-028,IPC-22,2026-07-15T18:40:00+00:00,2026-07-15T19:20:00+00:00,US-West,public_wifi,safari
S-00378,A-0111,DEV-028,IPC-83,2026-07-17T10:21:00+00:00,2026-07-17T11:24:00+00:00,US-West,residential,mobile_app
S-00379,A-0111,DEV-028,IPC-54,2026-07-16T02:15:00+00:00,2026-07-16T04:53:00+00:00,US-West,residential,firefox
S-00380,A-0111,DEV-028,IPC-13,2026-07-15T17:07:00+00:00,2026-07-15T17:28:00+00:00,US-West,mobile,mobile_app
S-00381,A-0111,DEV-028,IPC-98,2026-07-16T11:20:00+00:00,2026-07-16T14:12:00+00:00,US-West,datacenter,mobile_app
S-00382,A-0112,DEV-030,IPC-X03,2026-07-18T17:19:00+00:00,2026-07-18T17:53:00+00:00,APAC,mobile,firefox
S-00383,A-0112,DEV-X01,IPC-X04,2026-07-18T05:59:00+00:00,2026-07-18T06:07:00+00:00,APAC,datacenter,chrome
S-00384,A-0112,DEV-030,IPC-X01,2026-07-19T09:27:00+00:00,2026-07-19T11:28:00+00:00,APAC,residential,firefox
S-00385,A-0113,DEV-X03,IPC-X05,2026-07-18T19:36:00+00:00,2026-07-18T22:10:00+00:00,US-Midwest,public_wifi,firefox
S-00386,A-0113,DEV-X03,IPC-X04,2026-07-19T08:06:00+00:00,2026-07-19T09:33:00+00:00,US-Midwest,mobile,firefox
S-00387,A-0113,DEV-X03,IPC-X05,2026-07-17T08:32:00+00:00,2026-07-17T08:55:00+00:00,US-Midwest,mobile,chrome
S-00388,A-0113,DEV-X03,IPC-X05,2026-07-18T03:07:00+00:00,2026-07-18T04:41:00+00:00,US-Midwest,mobile,mobile_app
S-00389,A-0113,DEV-X03,IPC-X01,2026-07-18T19:50:00+00:00,2026-07-18T21:47:00+00:00,US-Midwest,datacenter,firefox
S-00390,A-0114,DEV-X05,IPC-X05,2026-07-18T08:30:00+00:00,2026-07-18T09:11:00+00:00,EU-West,residential,safari
S-00391,A-0114,DEV-032,IPC-X05,2026-07-18T04:30:00+00:00,2026-07-18T06:08:00+00:00,EU-West,mobile,mobile_app
S-00392,A-0115,DEV-031,IPC-X04,2026-07-17T13:36:00+00:00,2026-07-17T15:30:00+00:00,US-West,residential,safari
S-00393,A-0115,DEV-031,IPC-X05,2026-07-20T05:40:00+00:00,2026-07-20T07:44:00+00:00,US-West,mobile,firefox
S-00394,A-0116,DEV-X10,IPC-X03,2026-07-18T06:00:00+00:00,2026-07-18T06:15:00+00:00,APAC,public_wifi,mobile_app
S-00395,A-0116,DEV-X10,IPC-X01,2026-07-19T22:04:00+00:00,2026-07-20T01:04:00+00:00,APAC,datacenter,mobile_app
S-00396,A-0117,DEV-029,IPC-X03,2026-07-17T16:32:00+00:00,2026-07-17T17:35:00+00:00,US-West,residential,chrome
S-00397,A-0117,DEV-029,IPC-X02,2026-07-19T18:53:00+00:00,2026-07-19T21:04:00+00:00,US-West,residential,mobile_app
S-00398,A-0117,DEV-029,IPC-X02,2026-07-17T15:32:00+00:00,2026-07-17T17:04:00+00:00,US-West,residential,safari
S-00399,A-0117,DEV-029,IPC-X01,2026-07-20T08:36:00+00:00,2026-07-20T11:12:00+00:00,US-West,mobile,firefox
S-00400,A-0117,DEV-X01,IPC-X02,2026-07-18T15:11:00+00:00,2026-07-18T16:18:00+00:00,US-West,residential,firefox
S-00401,A-0118,DEV-031,IPC-X03,2026-07-19T17:13:00+00:00,2026-07-19T19:28:00+00:00,US-West,mobile,mobile_app
S-00402,A-0118,DEV-X03,IPC-X01,2026-07-18T14:26:00+00:00,2026-07-18T15:10:00+00:00,US-West,public_wifi,firefox
S-00403,A-0118,DEV-031,IPC-X05,2026-07-17T09:43:00+00:00,2026-07-17T11:06:00+00:00,US-West,residential,firefox
S-00404,A-0118,DEV-031,IPC-X04,2026-07-18T21:02:00+00:00,2026-07-18T22:01:00+00:00,US-West,residential,mobile_app
S-00405,A-0119,DEV-033,IPC-X03,2026-07-20T06:35:00+00:00,2026-07-20T08:41:00+00:00,US-Northeast,datacenter,chrome
S-00406,A-0119,DEV-033,IPC-X02,2026-07-19T12:48:00+00:00,2026-07-19T15:02:00+00:00,US-Northeast,public_wifi,firefox
S-00407,A-0120,DEV-029,IPC-X02,2026-07-19T07:08:00+00:00,2026-07-19T08:57:00+00:00,US-Northeast,mobile,firefox
S-00408,A-0120,DEV-029,IPC-X04,2026-07-18T09:39:00+00:00,2026-07-18T11:15:00+00:00,US-Northeast,public_wifi,safari
S-00409,A-0121,DEV-034,IPC-X01,2026-07-18T11:28:00+00:00,2026-07-18T14:06:00+00:00,APAC,residential,safari
S-00410,A-0121,DEV-034,IPC-X01,2026-07-19T14:21:00+00:00,2026-07-19T14:38:00+00:00,APAC,public_wifi,safari
S-00411,A-0122,DEV-034,IPC-X01,2026-07-17T11:32:00+00:00,2026-07-17T13:09:00+00:00,US-Midwest,datacenter,safari
S-00412,A-0122,DEV-034,IPC-X03,2026-07-19T02:09:00+00:00,2026-07-19T03:50:00+00:00,US-Midwest,residential,firefox
S-00413,A-0122,DEV-034,IPC-X04,2026-07-20T03:50:00+00:00,2026-07-20T04:38:00+00:00,US-Midwest,public_wifi,safari
S-00414,A-0123,DEV-032,IPC-X02,2026-07-19T20:36:00+00:00,2026-07-19T22:14:00+00:00,US-West,public_wifi,chrome
S-00415,A-0123,DEV-032,IPC-X04,2026-07-19T02:12:00+00:00,2026-07-19T04:38:00+00:00,US-West,mobile,firefox
S-00416,A-0123,DEV-032,IPC-X01,2026-07-18T18:33:00+00:00,2026-07-18T18:39:00+00:00,US-West,residential,chrome
S-00417,A-0124,DEV-034,IPC-X04,2026-07-18T13:53:00+00:00,2026-07-18T16:27:00+00:00,APAC,residential,safari
S-00418,A-0124,DEV-034,IPC-X04,2026-07-18T08:25:00+00:00,2026-07-18T10:16:00+00:00,APAC,public_wifi,firefox
S-00419,A-0124,DEV-034,IPC-X03,2026-07-19T21:34:00+00:00,2026-07-20T00:32:00+00:00,APAC,public_wifi,safari
S-00420,A-0124,DEV-034,IPC-X05,2026-07-17T15:00:00+00:00,2026-07-17T16:17:00+00:00,APAC,public_wifi,chrome
S-00421,A-0124,DEV-034,IPC-X02,2026-07-18T05:30:00+00:00,2026-07-18T08:06:00+00:00,APAC,public_wifi,mobile_app
S-00422,A-0125,DEV-030,IPC-X05,2026-07-19T20:44:00+00:00,2026-07-19T22:22:00+00:00,US-South,public_wifi,firefox
S-00423,A-0125,DEV-030,IPC-X02,2026-07-19T13:42:00+00:00,2026-07-19T14:15:00+00:00,US-South,public_wifi,safari
S-00424,A-0125,DEV-030,IPC-X05,2026-07-19T10:28:00+00:00,2026-07-19T12:08:00+00:00,US-South,datacenter,mobile_app
S-00425,A-0125,DEV-030,IPC-X03,2026-07-17T18:18:00+00:00,2026-07-17T19:54:00+00:00,US-South,mobile,safari
S-00426,A-0126,DEV-031,IPC-X01,2026-07-20T05:01:00+00:00,2026-07-20T05:41:00+00:00,APAC,datacenter,mobile_app
S-00427,A-0126,DEV-031,IPC-X02,2026-07-18T10:29:00+00:00,2026-07-18T12:10:00+00:00,APAC,datacenter,mobile_app
S-00428,A-0126,DEV-031,IPC-X04,2026-07-19T03:59:00+00:00,2026-07-19T06:17:00+00:00,APAC,residential,mobile_app
S-00429,A-0127,DEV-031,IPC-X03,2026-07-19T19:25:00+00:00,2026-07-19T22:23:00+00:00,APAC,public_wifi,safari
S-00430,A-0127,DEV-031,IPC-X02,2026-07-18T09:29:00+00:00,2026-07-18T09:54:00+00:00,APAC,mobile,firefox
S-00431,A-0128,DEV-030,IPC-X05,2026-07-18T05:43:00+00:00,2026-07-18T06:26:00+00:00,US-Midwest,datacenter,safari
S-00432,A-0128,DEV-030,IPC-X04,2026-07-17T19:18:00+00:00,2026-07-17T20:51:00+00:00,US-Midwest,mobile,chrome
S-00433,A-0128,DEV-030,IPC-X04,2026-07-17T19:23:00+00:00,2026-07-17T20:49:00+00:00,US-Midwest,public_wifi,mobile_app
S-00434,A-0128,DEV-030,IPC-X03,2026-07-20T08:54:00+00:00,2026-07-20T10:21:00+00:00,US-Midwest,residential,mobile_app
S-00435,A-0129,DEV-031,IPC-X01,2026-07-19T17:41:00+00:00,2026-07-19T19:55:00+00:00,US-South,residential,mobile_app
S-00436,A-0129,DEV-031,IPC-X01,2026-07-18T14:17:00+00:00,2026-07-18T16:28:00+00:00,US-South,public_wifi,chrome
S-00437,A-0129,DEV-031,IPC-X04,2026-07-19T16:46:00+00:00,2026-07-19T18:05:00+00:00,US-South,datacenter,chrome
S-00438,A-0130,DEV-034,IPC-X02,2026-07-17T09:12:00+00:00,2026-07-17T11:20:00+00:00,APAC,residential,safari
S-00439,A-0130,DEV-034,IPC-X03,2026-07-18T05:46:00+00:00,2026-07-18T06:24:00+00:00,APAC,public_wifi,chrome
S-00440,A-0130,DEV-034,IPC-X01,2026-07-19T20:48:00+00:00,2026-07-19T23:07:00+00:00,APAC,public_wifi,mobile_app
S-00441,A-0131,DEV-033,IPC-X05,2026-07-20T02:54:00+00:00,2026-07-20T03:21:00+00:00,US-South,datacenter,mobile_app
S-00442,A-0131,DEV-033,IPC-X04,2026-07-18T23:19:00+00:00,2026-07-18T23:41:00+00:00,US-South,public_wifi,mobile_app
S-00443,A-0131,DEV-033,IPC-X02,2026-07-17T16:56:00+00:00,2026-07-17T17:34:00+00:00,US-South,residential,firefox
S-00444,A-0131,DEV-033,IPC-X02,2026-07-19T01:19:00+00:00,2026-07-19T02:23:00+00:00,US-South,residential,chrome
S-00445,A-0131,DEV-033,IPC-X03,2026-07-18T09:09:00+00:00,2026-07-18T10:56:00+00:00,US-South,datacenter,safari
S-00446,A-0132,DEV-034,IPC-X05,2026-07-17T11:12:00+00:00,2026-07-17T13:02:00+00:00,US-Northeast,datacenter,chrome
S-00447,A-0132,DEV-034,IPC-X03,2026-07-17T14:18:00+00:00,2026-07-17T16:01:00+00:00,US-Northeast,datacenter,firefox
S-00448,A-0133,DEV-032,IPC-X03,2026-07-19T09:14:00+00:00,2026-07-19T10:38:00+00:00,APAC,mobile,firefox
S-00449,A-0133,DEV-032,IPC-X04,2026-07-18T04:37:00+00:00,2026-07-18T05:10:00+00:00,APAC,datacenter,chrome
S-00450,A-0133,DEV-032,IPC-X04,2026-07-19T02:06:00+00:00,2026-07-19T03:14:00+00:00,APAC,datacenter,chrome
S-00451,A-0134,DEV-032,IPC-X05,2026-07-19T12:32:00+00:00,2026-07-19T14:02:00+00:00,US-Midwest,residential,safari
S-00452,A-0134,DEV-032,IPC-X05,2026-07-19T04:21:00+00:00,2026-07-19T06:15:00+00:00,US-Midwest,public_wifi,firefox
S-00453,A-0134,DEV-032,IPC-X03,2026-07-20T01:26:00+00:00,2026-07-20T03:47:00+00:00,US-Midwest,datacenter,chrome
S-00454,A-0134,DEV-032,IPC-X01,2026-07-18T21:51:00+00:00,2026-07-19T00:19:00+00:00,US-Midwest,mobile,mobile_app
S-00455,A-0135,DEV-034,IPC-X04,2026-07-19T15:26:00+00:00,2026-07-19T18:02:00+00:00,US-South,datacenter,chrome
S-00456,A-0135,DEV-034,IPC-X01,2026-07-17T08:42:00+00:00,2026-07-17T09:30:00+00:00,US-South,public_wifi,safari
S-00457,A-0135,DEV-034,IPC-X05,2026-07-19T16:24:00+00:00,2026-07-19T16:48:00+00:00,US-South,public_wifi,mobile_app
S-00458,A-0135,DEV-034,IPC-X05,2026-07-18T20:45:00+00:00,2026-07-18T20:51:00+00:00,US-South,residential,firefox
S-00459,A-0136,DEV-030,IPC-X03,2026-07-17T15:36:00+00:00,2026-07-17T15:45:00+00:00,EU-West,datacenter,chrome
S-00460,A-0136,DEV-030,IPC-X04,2026-07-20T00:45:00+00:00,2026-07-20T01:19:00+00:00,EU-West,mobile,mobile_app
S-00461,A-0137,DEV-034,IPC-X05,2026-07-17T21:27:00+00:00,2026-07-17T23:45:00+00:00,US-Northeast,residential,firefox
S-00462,A-0137,DEV-034,IPC-X03,2026-07-20T01:31:00+00:00,2026-07-20T04:09:00+00:00,US-Northeast,datacenter,safari
S-00463,A-0137,DEV-034,IPC-X03,2026-07-18T11:59:00+00:00,2026-07-18T12:51:00+00:00,US-Northeast,public_wifi,mobile_app
S-00464,A-0137,DEV-034,IPC-X02,2026-07-19T21:47:00+00:00,2026-07-19T22:45:00+00:00,US-Northeast,residential,mobile_app
S-00465,A-0137,DEV-034,IPC-X04,2026-07-19T10:59:00+00:00,2026-07-19T12:00:00+00:00,US-Northeast,datacenter,safari
S-00466,A-0138,DEV-034,IPC-X01,2026-07-17T21:12:00+00:00,2026-07-17T22:12:00+00:00,US-West,public_wifi,chrome
S-00467,A-0138,DEV-034,IPC-X04,2026-07-17T19:27:00+00:00,2026-07-17T20:57:00+00:00,US-West,mobile,firefox
S-00468,A-0138,DEV-034,IPC-X05,2026-07-18T01:26:00+00:00,2026-07-18T01:49:00+00:00,US-West,public_wifi,firefox
S-00469,A-0138,DEV-034,IPC-X03,2026-07-19T12:53:00+00:00,2026-07-19T13:26:00+00:00,US-West,public_wifi,mobile_app
S-00470,A-0139,DEV-038,IPC-B01,2026-07-22T07:18:00+00:00,2026-07-22T08:29:00+00:00,US-South,mobile,firefox
S-00471,A-0139,DEV-B01,IPC-B01,2026-07-21T21:13:00+00:00,2026-07-21T23:12:00+00:00,US-South,datacenter,safari
S-00472,A-0139,DEV-038,IPC-B01,2026-07-20T08:45:00+00:00,2026-07-20T10:22:00+00:00,US-South,mobile,firefox
S-00473,A-0139,DEV-038,IPC-B01,2026-07-21T06:38:00+00:00,2026-07-21T08:54:00+00:00,US-South,mobile,safari
S-00474,A-0139,DEV-038,IPC-B01,2026-07-20T23:20:00+00:00,2026-07-21T00:07:00+00:00,US-South,residential,chrome
S-00475,A-0140,DEV-039,IPC-B01,2026-07-19T14:47:00+00:00,2026-07-19T17:20:00+00:00,US-West,mobile,mobile_app
S-00476,A-0140,DEV-B02,IPC-B01,2026-07-22T02:50:00+00:00,2026-07-22T05:03:00+00:00,US-West,public_wifi,safari
S-00477,A-0140,DEV-B02,IPC-B01,2026-07-21T09:06:00+00:00,2026-07-21T10:49:00+00:00,US-West,public_wifi,safari
S-00478,A-0140,DEV-039,IPC-B01,2026-07-20T07:11:00+00:00,2026-07-20T09:26:00+00:00,US-West,mobile,mobile_app
S-00479,A-0140,DEV-039,IPC-B01,2026-07-21T13:02:00+00:00,2026-07-21T14:08:00+00:00,US-West,residential,chrome
S-00480,A-0141,DEV-036,IPC-B01,2026-07-21T12:01:00+00:00,2026-07-21T12:50:00+00:00,US-South,residential,firefox
S-00481,A-0141,DEV-B01,IPC-B01,2026-07-22T01:53:00+00:00,2026-07-22T04:16:00+00:00,US-South,public_wifi,mobile_app
S-00482,A-0141,DEV-036,IPC-B01,2026-07-20T18:54:00+00:00,2026-07-20T20:56:00+00:00,US-South,mobile,mobile_app
S-00483,A-0142,DEV-039,IPC-B01,2026-07-21T07:41:00+00:00,2026-07-21T08:15:00+00:00,US-Midwest,datacenter,safari
S-00484,A-0142,DEV-039,IPC-B01,2026-07-21T11:29:00+00:00,2026-07-21T13:47:00+00:00,US-Midwest,residential,chrome
S-00485,A-0142,DEV-B02,IPC-B01,2026-07-21T18:40:00+00:00,2026-07-21T20:56:00+00:00,US-Midwest,datacenter,chrome
S-00486,A-0142,DEV-B02,IPC-B01,2026-07-21T08:58:00+00:00,2026-07-21T10:16:00+00:00,US-Midwest,mobile,chrome
S-00487,A-0142,DEV-B02,IPC-B01,2026-07-21T04:17:00+00:00,2026-07-21T04:34:00+00:00,US-Midwest,public_wifi,safari
S-00488,A-0143,DEV-037,IPC-42,2026-07-20T08:49:00+00:00,2026-07-20T09:09:00+00:00,US-Midwest,residential,firefox
S-00489,A-0143,DEV-037,IPC-13,2026-07-19T19:03:00+00:00,2026-07-19T20:04:00+00:00,US-Midwest,residential,mobile_app
S-00490,A-0143,DEV-037,IPC-86,2026-07-21T02:50:00+00:00,2026-07-21T04:23:00+00:00,US-Midwest,residential,safari
S-00491,A-0143,DEV-037,IPC-41,2026-07-20T20:48:00+00:00,2026-07-20T22:25:00+00:00,US-Midwest,residential,firefox
S-00492,A-0144,DEV-035,IPC-49,2026-07-21T15:54:00+00:00,2026-07-21T18:15:00+00:00,US-West,residential,mobile_app
S-00493,A-0144,DEV-035,IPC-21,2026-07-21T21:26:00+00:00,2026-07-21T22:12:00+00:00,US-West,residential,firefox
S-00494,A-0145,DEV-037,IPC-54,2026-07-20T20:13:00+00:00,2026-07-20T21:54:00+00:00,US-South,residential,chrome
S-00495,A-0145,DEV-037,IPC-72,2026-07-20T11:30:00+00:00,2026-07-20T13:53:00+00:00,US-South,residential,firefox
S-00496,A-0145,DEV-037,IPC-13,2026-07-19T20:12:00+00:00,2026-07-19T22:12:00+00:00,US-South,residential,firefox
S-00497,A-0145,DEV-037,IPC-13,2026-07-22T07:41:00+00:00,2026-07-22T08:59:00+00:00,US-South,residential,firefox
S-00498,A-0146,DEV-036,IPC-22,2026-07-21T19:06:00+00:00,2026-07-21T19:35:00+00:00,US-Northeast,datacenter,chrome
S-00499,A-0146,DEV-036,IPC-15,2026-07-20T02:22:00+00:00,2026-07-20T05:19:00+00:00,US-Northeast,datacenter,firefox
S-00500,A-0147,DEV-039,IPC-28,2026-07-21T16:08:00+00:00,2026-07-21T17:39:00+00:00,APAC,residential,firefox
S-00501,A-0147,DEV-039,IPC-67,2026-07-19T09:22:00+00:00,2026-07-19T10:16:00+00:00,APAC,datacenter,mobile_app
S-00502,A-0147,DEV-039,IPC-14,2026-07-20T08:00:00+00:00,2026-07-20T10:32:00+00:00,APAC,public_wifi,safari
S-00503,A-0148,DEV-039,IPC-32,2026-07-19T16:58:00+00:00,2026-07-19T17:35:00+00:00,US-Midwest,public_wifi,firefox
S-00504,A-0148,DEV-039,IPC-54,2026-07-21T20:41:00+00:00,2026-07-21T21:16:00+00:00,US-Midwest,public_wifi,firefox
S-00505,A-0148,DEV-039,IPC-60,2026-07-19T09:57:00+00:00,2026-07-19T11:18:00+00:00,US-Midwest,residential,mobile_app
S-00506,A-0149,DEV-036,IPC-86,2026-07-21T00:16:00+00:00,2026-07-21T02:43:00+00:00,US-Midwest,mobile,mobile_app
S-00507,A-0149,DEV-036,IPC-16,2026-07-20T21:12:00+00:00,2026-07-20T21:43:00+00:00,US-Midwest,mobile,firefox
S-00508,A-0150,DEV-037,IPC-73,2026-07-22T05:15:00+00:00,2026-07-22T07:05:00+00:00,US-Midwest,datacenter,firefox
S-00509,A-0150,DEV-037,IPC-37,2026-07-21T08:05:00+00:00,2026-07-21T10:51:00+00:00,US-Midwest,residential,safari
S-00510,A-0151,DEV-037,IPC-16,2026-07-21T14:44:00+00:00,2026-07-21T15:24:00+00:00,US-West,datacenter,chrome
S-00511,A-0151,DEV-037,IPC-33,2026-07-21T00:10:00+00:00,2026-07-21T00:31:00+00:00,US-West,datacenter,mobile_app
S-00512,A-0152,DEV-039,IPC-35,2026-07-19T20:53:00+00:00,2026-07-19T21:16:00+00:00,US-Midwest,mobile,safari
S-00513,A-0152,DEV-039,IPC-76,2026-07-20T19:36:00+00:00,2026-07-20T20:10:00+00:00,US-Midwest,mobile,firefox
S-00514,A-0153,DEV-037,IPC-14,2026-07-21T04:54:00+00:00,2026-07-21T07:42:00+00:00,US-Northeast,residential,safari
S-00515,A-0153,DEV-037,IPC-35,2026-07-22T03:00:00+00:00,2026-07-22T05:26:00+00:00,US-Northeast,public_wifi,safari
S-00516,A-0153,DEV-037,IPC-88,2026-07-19T22:17:00+00:00,2026-07-20T01:16:00+00:00,US-Northeast,mobile,chrome
S-00517,A-0153,DEV-037,IPC-41,2026-07-22T06:53:00+00:00,2026-07-22T08:12:00+00:00,US-Northeast,residential,firefox
S-00518,A-0153,DEV-037,IPC-57,2026-07-19T22:56:00+00:00,2026-07-20T00:00:00+00:00,US-Northeast,datacenter,mobile_app
S-00519,A-0154,DEV-035,IPC-95,2026-07-21T18:02:00+00:00,2026-07-21T19:42:00+00:00,US-West,datacenter,firefox
S-00520,A-0154,DEV-035,IPC-42,2026-07-19T23:43:00+00:00,2026-07-20T01:45:00+00:00,US-West,residential,safari
S-00521,A-0155,DEV-035,IPC-33,2026-07-20T22:54:00+00:00,2026-07-21T01:01:00+00:00,US-Midwest,residential,mobile_app
S-00522,A-0155,DEV-035,IPC-61,2026-07-22T00:23:00+00:00,2026-07-22T02:55:00+00:00,US-Midwest,public_wifi,safari
S-00523,A-0155,DEV-035,IPC-98,2026-07-20T05:36:00+00:00,2026-07-20T07:14:00+00:00,US-Midwest,public_wifi,firefox
S-00524,A-0155,DEV-035,IPC-76,2026-07-20T11:29:00+00:00,2026-07-20T14:09:00+00:00,US-Midwest,datacenter,mobile_app
S-00525,A-0156,DEV-038,IPC-23,2026-07-21T18:01:00+00:00,2026-07-21T18:34:00+00:00,US-Midwest,datacenter,safari
S-00526,A-0156,DEV-038,IPC-11,2026-07-21T03:47:00+00:00,2026-07-21T06:16:00+00:00,US-Midwest,residential,firefox
S-00527,A-0156,DEV-038,IPC-24,2026-07-19T08:17:00+00:00,2026-07-19T09:32:00+00:00,US-Midwest,mobile,mobile_app
S-00528,A-0156,DEV-038,IPC-28,2026-07-19T10:40:00+00:00,2026-07-19T13:17:00+00:00,US-Midwest,mobile,mobile_app
S-00529,A-0157,DEV-035,IPC-60,2026-07-20T19:37:00+00:00,2026-07-20T21:17:00+00:00,US-South,datacenter,chrome
S-00530,A-0157,DEV-035,IPC-59,2026-07-19T15:33:00+00:00,2026-07-19T17:30:00+00:00,US-South,mobile,chrome
S-00531,A-0157,DEV-035,IPC-51,2026-07-20T19:10:00+00:00,2026-07-20T21:18:00+00:00,US-South,residential,firefox
S-00532,A-0158,DEV-035,IPC-52,2026-07-21T02:11:00+00:00,2026-07-21T04:25:00+00:00,US-Midwest,datacenter,chrome
S-00533,A-0158,DEV-035,IPC-54,2026-07-20T16:43:00+00:00,2026-07-20T18:21:00+00:00,US-Midwest,mobile,firefox
